model,scenario_id,total_turns,scenario_type,recall,ccr
Naive,hold-out-F001,200,FORGETTING,0.6,-0.071
Naive,hold-out-F002,200,FORGETTING,0.7692307692307693,-0.083
Naive,hold-out-F003,200,FORGETTING,0.8,-0.11
Naive,hold-out-F004,200,FORGETTING,0.9230769230769231,-0.104
Naive,hold-out-F005,500,FORGETTING,0.25,0.558
Naive,hold-out-F006,500,FORGETTING,0.25,0.572
Naive,hold-out-F007,500,FORGETTING,0.25,0.57
Naive,hold-out-F008,500,FORGETTING,0.3076923076923077,0.584
Naive,hold-out-F009,1000,FORGETTING,0.0,0.779
Naive,hold-out-F010,1000,FORGETTING,0.0,0.786
Naive,hold-out-F011,1000,FORGETTING,0.0,0.78
Naive,hold-out-F012,1000,FORGETTING,0.0,0.776
Naive,hold-out-N001,200,NOISE_TOLERANCE,0.75,-0.134
Naive,hold-out-N002,200,NOISE_TOLERANCE,0.625,-0.06
Naive,hold-out-N003,200,NOISE_TOLERANCE,0.625,-0.037
Naive,hold-out-N004,200,NOISE_TOLERANCE,0.625,0.029
Naive,hold-out-N005,500,NOISE_TOLERANCE,0.25,0.563
Naive,hold-out-N006,500,NOISE_TOLERANCE,0.25,0.583
Naive,hold-out-N007,500,NOISE_TOLERANCE,0.25,0.596
Naive,hold-out-N008,500,NOISE_TOLERANCE,0.125,0.609
Naive,hold-out-N009,1000,NOISE_TOLERANCE,0.125,0.78
Naive,hold-out-N010,1000,NOISE_TOLERANCE,0.125,0.789
Naive,hold-out-N011,1000,NOISE_TOLERANCE,0.125,0.792
Naive,hold-out-N012,1000,NOISE_TOLERANCE,0.0,0.801
Naive,hold-out-U001,200,UPDATE_CONFLICT,0.625,-0.054
Naive,hold-out-U002,200,UPDATE_CONFLICT,0.625,-0.066
Naive,hold-out-U003,200,UPDATE_CONFLICT,0.625,-0.054
Naive,hold-out-U004,200,UPDATE_CONFLICT,0.6923076923076923,-0.061
Naive,hold-out-U005,500,UPDATE_CONFLICT,0.25,0.565
Naive,hold-out-U006,500,UPDATE_CONFLICT,0.23076923076923078,0.571
Naive,hold-out-U007,500,UPDATE_CONFLICT,0.3076923076923077,0.564
Naive,hold-out-U008,500,UPDATE_CONFLICT,0.25,0.584
Naive,hold-out-U009,1000,UPDATE_CONFLICT,0.07692307692307693,0.786
Naive,hold-out-U010,1000,UPDATE_CONFLICT,0.07692307692307693,0.782
Naive,hold-out-U011,1000,UPDATE_CONFLICT,0.15384615384615385,0.784
Naive,hold-out-U012,1000,UPDATE_CONFLICT,0.25,0.79
Naive,hold-out-F013,200,FORGETTING,0.625,-0.048
Naive,hold-out-F014,200,FORGETTING,1.0,-0.089
Naive,hold-out-F015,200,FORGETTING,0.9230769230769231,-0.07
Naive,hold-out-F016,200,FORGETTING,0.75,-0.056
Naive,hold-out-F017,500,FORGETTING,0.4,0.563
Naive,hold-out-F018,500,FORGETTING,0.3076923076923077,0.568
Naive,hold-out-F019,500,FORGETTING,0.55,0.582
Naive,hold-out-F020,500,FORGETTING,0.25,0.58
Naive,hold-out-F021,1000,FORGETTING,0.0,0.782
Naive,hold-out-F022,1000,FORGETTING,0.0,0.786
Naive,hold-out-F023,1000,FORGETTING,0.0,0.79
Naive,hold-out-F024,1000,FORGETTING,0.0,0.786
Naive,hold-out-N013,200,NOISE_TOLERANCE,0.625,-0.067
Naive,hold-out-N014,200,NOISE_TOLERANCE,0.625,-0.023
Naive,hold-out-N015,200,NOISE_TOLERANCE,0.625,-0.027
Naive,hold-out-N016,200,NOISE_TOLERANCE,0.625,0.017
Naive,hold-out-N017,500,NOISE_TOLERANCE,0.25,0.564
Naive,hold-out-N018,500,NOISE_TOLERANCE,0.25,0.584
Naive,hold-out-N019,500,NOISE_TOLERANCE,0.125,0.605
Naive,hold-out-N020,500,NOISE_TOLERANCE,0.125,0.608
Naive,hold-out-N021,1000,NOISE_TOLERANCE,0.125,0.782
Naive,hold-out-N022,1000,NOISE_TOLERANCE,0.125,0.789
Naive,hold-out-N023,1000,NOISE_TOLERANCE,0.125,0.794
Naive,hold-out-N024,1000,NOISE_TOLERANCE,0.0,0.806
Naive,hold-out-U013,200,UPDATE_CONFLICT,0.8,-0.041
Naive,hold-out-U014,200,UPDATE_CONFLICT,0.6923076923076923,-0.026
Naive,hold-out-U015,200,UPDATE_CONFLICT,0.6,-0.047
Naive,hold-out-U016,200,UPDATE_CONFLICT,0.7692307692307693,-0.007
Naive,hold-out-U017,500,UPDATE_CONFLICT,0.2,0.578
Naive,hold-out-U018,500,UPDATE_CONFLICT,0.25,0.568
Naive,hold-out-U019,500,UPDATE_CONFLICT,0.3076923076923077,0.587
Naive,hold-out-U020,500,UPDATE_CONFLICT,0.2,0.577
Naive,hold-out-U021,1000,UPDATE_CONFLICT,0.125,0.778
Naive,hold-out-U022,1000,UPDATE_CONFLICT,0.0,0.788
Naive,hold-out-U023,1000,UPDATE_CONFLICT,0.07692307692307693,0.79
Naive,hold-out-U024,1000,UPDATE_CONFLICT,0.125,0.781
RAG,hold-out-F001,200,FORGETTING,0.0,0.964
RAG,hold-out-F002,200,FORGETTING,0.0,0.966
RAG,hold-out-F003,200,FORGETTING,0.0,0.966
RAG,hold-out-F004,200,FORGETTING,0.0,0.965
RAG,hold-out-F005,500,FORGETTING,0.0,0.986
RAG,hold-out-F006,500,FORGETTING,0.0,0.986
RAG,hold-out-F007,500,FORGETTING,0.0,0.986
RAG,hold-out-F008,500,FORGETTING,0.0,0.987
RAG,hold-out-F009,1000,FORGETTING,0.0,0.993
RAG,hold-out-F010,1000,FORGETTING,0.0,0.993
RAG,hold-out-F011,1000,FORGETTING,0.0,0.993
RAG,hold-out-F012,1000,FORGETTING,0.0,0.993
RAG,hold-out-N001,200,NOISE_TOLERANCE,0.0,0.963
RAG,hold-out-N002,200,NOISE_TOLERANCE,0.0,0.967
RAG,hold-out-N003,200,NOISE_TOLERANCE,0.0,0.968
RAG,hold-out-N004,200,NOISE_TOLERANCE,0.0,0.97
RAG,hold-out-N005,500,NOISE_TOLERANCE,0.0,0.986
RAG,hold-out-N006,500,NOISE_TOLERANCE,0.0,0.986
RAG,hold-out-N007,500,NOISE_TOLERANCE,0.0,0.987
RAG,hold-out-N008,500,NOISE_TOLERANCE,0.0,0.988
RAG,hold-out-N009,1000,NOISE_TOLERANCE,0.0,0.993
RAG,hold-out-N010,1000,NOISE_TOLERANCE,0.0,0.993
RAG,hold-out-N011,1000,NOISE_TOLERANCE,0.0,0.993
RAG,hold-out-N012,1000,NOISE_TOLERANCE,0.0,0.994
RAG,hold-out-U001,200,UPDATE_CONFLICT,0.0,0.965
RAG,hold-out-U002,200,UPDATE_CONFLICT,0.0,0.966
RAG,hold-out-U003,200,UPDATE_CONFLICT,0.0,0.968
RAG,hold-out-U004,200,UPDATE_CONFLICT,0.0,0.967
RAG,hold-out-U005,500,UPDATE_CONFLICT,0.0,0.986
RAG,hold-out-U006,500,UPDATE_CONFLICT,0.0,0.986
RAG,hold-out-U007,500,UPDATE_CONFLICT,0.0,0.986
RAG,hold-out-U008,500,UPDATE_CONFLICT,0.0,0.987
RAG,hold-out-U009,1000,UPDATE_CONFLICT,0.0,0.993
RAG,hold-out-U010,1000,UPDATE_CONFLICT,0.0,0.993
RAG,hold-out-U011,1000,UPDATE_CONFLICT,0.0,0.993
RAG,hold-out-U012,1000,UPDATE_CONFLICT,0.0,0.993
RAG,hold-out-F013,200,FORGETTING,0.0,0.965
RAG,hold-out-F014,200,FORGETTING,0.0,0.966
RAG,hold-out-F015,200,FORGETTING,0.0,0.967
RAG,hold-out-F016,200,FORGETTING,0.0,0.967
RAG,hold-out-F017,500,FORGETTING,0.0,0.986
RAG,hold-out-F018,500,FORGETTING,0.0,0.986
RAG,hold-out-F019,500,FORGETTING,0.0,0.987
RAG,hold-out-F020,500,FORGETTING,0.0,0.987
RAG,hold-out-F021,1000,FORGETTING,0.0,0.993
RAG,hold-out-F022,1000,FORGETTING,0.0,0.993
RAG,hold-out-F023,1000,FORGETTING,0.0,0.993
RAG,hold-out-F024,1000,FORGETTING,0.0,0.993
RAG,hold-out-N013,200,NOISE_TOLERANCE,0.0,0.965
RAG,hold-out-N014,200,NOISE_TOLERANCE,0.0,0.968
RAG,hold-out-N015,200,NOISE_TOLERANCE,0.0,0.969
RAG,hold-out-N016,200,NOISE_TOLERANCE,0.0,0.969
RAG,hold-out-N017,500,NOISE_TOLERANCE,0.0,0.986
RAG,hold-out-N018,500,NOISE_TOLERANCE,0.0,0.986
RAG,hold-out-N019,500,NOISE_TOLERANCE,0.0,0.987
RAG,hold-out-N020,500,NOISE_TOLERANCE,0.0,0.988
RAG,hold-out-N021,1000,NOISE_TOLERANCE,0.0,0.993
RAG,hold-out-N022,1000,NOISE_TOLERANCE,0.0,0.993
RAG,hold-out-N023,1000,NOISE_TOLERANCE,0.0,0.993
RAG,hold-out-N024,1000,NOISE_TOLERANCE,0.0,0.994
RAG,hold-out-U013,200,UPDATE_CONFLICT,0.0,0.966
RAG,hold-out-U014,200,UPDATE_CONFLICT,0.0,0.968
RAG,hold-out-U015,200,UPDATE_CONFLICT,0.0,0.968
RAG,hold-out-U016,200,UPDATE_CONFLICT,0.0,0.968
RAG,hold-out-U017,500,UPDATE_CONFLICT,0.0,0.987
RAG,hold-out-U018,500,UPDATE_CONFLICT,0.0,0.986
RAG,hold-out-U019,500,UPDATE_CONFLICT,0.0,0.987
RAG,hold-out-U020,500,UPDATE_CONFLICT,0.0,0.987
RAG,hold-out-U021,1000,UPDATE_CONFLICT,0.0,0.993
RAG,hold-out-U022,1000,UPDATE_CONFLICT,0.0,0.993
RAG,hold-out-U023,1000,UPDATE_CONFLICT,0.0,0.993
RAG,hold-out-U024,1000,UPDATE_CONFLICT,0.0,0.993
EpSem,hold-out-F001,200,FORGETTING,1.0,0.714
EpSem,hold-out-F002,200,FORGETTING,1.0,0.682
EpSem,hold-out-F003,200,FORGETTING,0.8,0.768
EpSem,hold-out-F004,200,FORGETTING,0.6153846153846154,0.707
EpSem,hold-out-F005,500,FORGETTING,1.0,0.835
EpSem,hold-out-F006,500,FORGETTING,1.0,0.81
EpSem,hold-out-F007,500,FORGETTING,1.0,0.857
EpSem,hold-out-F008,500,FORGETTING,0.9230769230769231,0.853
EpSem,hold-out-F009,1000,FORGETTING,0.6923076923076923,0.886
EpSem,hold-out-F010,1000,FORGETTING,0.9230769230769231,0.908
EpSem,hold-out-F011,1000,FORGETTING,1.0,0.873
EpSem,hold-out-F012,1000,FORGETTING,1.0,0.881
EpSem,hold-out-N001,200,NOISE_TOLERANCE,1.0,0.705
EpSem,hold-out-N002,200,NOISE_TOLERANCE,1.0,0.69
EpSem,hold-out-N003,200,NOISE_TOLERANCE,0.875,0.711
EpSem,hold-out-N004,200,NOISE_TOLERANCE,0.625,0.791
EpSem,hold-out-N005,500,NOISE_TOLERANCE,0.875,0.854
EpSem,hold-out-N006,500,NOISE_TOLERANCE,1.0,0.843
EpSem,hold-out-N007,500,NOISE_TOLERANCE,1.0,0.855
EpSem,hold-out-N008,500,NOISE_TOLERANCE,0.75,0.91
EpSem,hold-out-N009,1000,NOISE_TOLERANCE,0.75,0.88
EpSem,hold-out-N010,1000,NOISE_TOLERANCE,0.875,0.896
EpSem,hold-out-N011,1000,NOISE_TOLERANCE,0.875,0.903
EpSem,hold-out-N012,1000,NOISE_TOLERANCE,1.0,0.941
EpSem,hold-out-U001,200,UPDATE_CONFLICT,1.0,0.721
EpSem,hold-out-U002,200,UPDATE_CONFLICT,0.875,0.736
EpSem,hold-out-U003,200,UPDATE_CONFLICT,0.75,0.735
EpSem,hold-out-U004,200,UPDATE_CONFLICT,0.6153846153846154,0.69
EpSem,hold-out-U005,500,UPDATE_CONFLICT,0.875,0.852
EpSem,hold-out-U006,500,UPDATE_CONFLICT,0.9230769230769231,0.823
EpSem,hold-out-U007,500,UPDATE_CONFLICT,0.9230769230769231,0.809
EpSem,hold-out-U008,500,UPDATE_CONFLICT,0.875,0.856
EpSem,hold-out-U009,1000,UPDATE_CONFLICT,0.6153846153846154,0.885
EpSem,hold-out-U010,1000,UPDATE_CONFLICT,0.9230769230769231,0.859
EpSem,hold-out-U011,1000,UPDATE_CONFLICT,1.0,0.876
EpSem,hold-out-U012,1000,UPDATE_CONFLICT,0.625,0.903
EpSem,hold-out-F013,200,FORGETTING,0.875,0.738
EpSem,hold-out-F014,200,FORGETTING,1.0,0.75
EpSem,hold-out-F015,200,FORGETTING,0.9230769230769231,0.665
EpSem,hold-out-F016,200,FORGETTING,0.625,0.74
EpSem,hold-out-F017,500,FORGETTING,1.0,0.882
EpSem,hold-out-F018,500,FORGETTING,1.0,0.823
EpSem,hold-out-F019,500,FORGETTING,0.8,0.832
EpSem,hold-out-F020,500,FORGETTING,0.875,0.851
EpSem,hold-out-F021,1000,FORGETTING,0.75,0.902
EpSem,hold-out-F022,1000,FORGETTING,0.95,0.9
EpSem,hold-out-F023,1000,FORGETTING,1.0,0.899
EpSem,hold-out-F024,1000,FORGETTING,0.9230769230769231,0.874
EpSem,hold-out-N013,200,NOISE_TOLERANCE,1.0,0.719
EpSem,hold-out-N014,200,NOISE_TOLERANCE,1.0,0.732
EpSem,hold-out-N015,200,NOISE_TOLERANCE,0.875,0.764
EpSem,hold-out-N016,200,NOISE_TOLERANCE,0.75,0.784
EpSem,hold-out-N017,500,NOISE_TOLERANCE,0.875,0.86
EpSem,hold-out-N018,500,NOISE_TOLERANCE,0.875,0.835
EpSem,hold-out-N019,500,NOISE_TOLERANCE,1.0,0.861
EpSem,hold-out-N020,500,NOISE_TOLERANCE,0.875,0.902
EpSem,hold-out-N021,1000,NOISE_TOLERANCE,0.625,0.89
EpSem,hold-out-N022,1000,NOISE_TOLERANCE,0.875,0.9
EpSem,hold-out-N023,1000,NOISE_TOLERANCE,1.0,0.92
EpSem,hold-out-N024,1000,NOISE_TOLERANCE,1.0,0.936
EpSem,hold-out-U013,200,UPDATE_CONFLICT,1.0,0.732
EpSem,hold-out-U014,200,UPDATE_CONFLICT,1.0,0.71
EpSem,hold-out-U015,200,UPDATE_CONFLICT,0.8,0.76
EpSem,hold-out-U016,200,UPDATE_CONFLICT,0.6923076923076923,0.722
EpSem,hold-out-U017,500,UPDATE_CONFLICT,0.8,0.881
EpSem,hold-out-U018,500,UPDATE_CONFLICT,1.0,0.819
EpSem,hold-out-U019,500,UPDATE_CONFLICT,1.0,0.858
EpSem,hold-out-U020,500,UPDATE_CONFLICT,0.6,0.858
EpSem,hold-out-U021,1000,UPDATE_CONFLICT,0.75,0.889
EpSem,hold-out-U022,1000,UPDATE_CONFLICT,1.0,0.921
EpSem,hold-out-U023,1000,UPDATE_CONFLICT,0.9230769230769231,0.883
EpSem,hold-out-U024,1000,UPDATE_CONFLICT,0.875,0.885
EpSem-F,hold-out-F001,200,FORGETTING,1.0,0.866
EpSem-F,hold-out-F002,200,FORGETTING,1.0,0.822
EpSem-F,hold-out-F003,200,FORGETTING,0.8,0.92
EpSem-F,hold-out-F004,200,FORGETTING,0.6153846153846154,0.864
EpSem-F,hold-out-F005,500,FORGETTING,1.0,0.891
EpSem-F,hold-out-F006,500,FORGETTING,1.0,0.873
EpSem-F,hold-out-F007,500,FORGETTING,1.0,0.92
EpSem-F,hold-out-F008,500,FORGETTING,0.9230769230769231,0.912
EpSem-F,hold-out-F009,1000,FORGETTING,0.6923076923076923,0.918
EpSem-F,hold-out-F010,1000,FORGETTING,0.9230769230769231,0.941
EpSem-F,hold-out-F011,1000,FORGETTING,1.0,0.905
EpSem-F,hold-out-F012,1000,FORGETTING,1.0,0.913
EpSem-F,hold-out-N001,200,NOISE_TOLERANCE,1.0,0.858
EpSem-F,hold-out-N002,200,NOISE_TOLERANCE,1.0,0.849
EpSem-F,hold-out-N003,200,NOISE_TOLERANCE,0.875,0.86
EpSem-F,hold-out-N004,200,NOISE_TOLERANCE,0.625,0.941
EpSem-F,hold-out-N005,500,NOISE_TOLERANCE,0.875,0.912
EpSem-F,hold-out-N006,500,NOISE_TOLERANCE,1.0,0.908
EpSem-F,hold-out-N007,500,NOISE_TOLERANCE,1.0,0.918
EpSem-F,hold-out-N008,500,NOISE_TOLERANCE,0.75,0.969
EpSem-F,hold-out-N009,1000,NOISE_TOLERANCE,0.75,0.912
EpSem-F,hold-out-N010,1000,NOISE_TOLERANCE,0.875,0.927
EpSem-F,hold-out-N011,1000,NOISE_TOLERANCE,0.875,0.932
EpSem-F,hold-out-N012,1000,NOISE_TOLERANCE,1.0,0.972
EpSem-F,hold-out-U001,200,UPDATE_CONFLICT,1.0,0.869
EpSem-F,hold-out-U002,200,UPDATE_CONFLICT,0.875,0.893
EpSem-F,hold-out-U003,200,UPDATE_CONFLICT,0.75,0.884
EpSem-F,hold-out-U004,200,UPDATE_CONFLICT,0.6153846153846154,0.849
EpSem-F,hold-out-U005,500,UPDATE_CONFLICT,0.875,0.913
EpSem-F,hold-out-U006,500,UPDATE_CONFLICT,0.9230769230769231,0.889
EpSem-F,hold-out-U007,500,UPDATE_CONFLICT,0.9230769230769231,0.865
EpSem-F,hold-out-U008,500,UPDATE_CONFLICT,0.875,0.919
EpSem-F,hold-out-U009,1000,UPDATE_CONFLICT,0.6153846153846154,0.917
EpSem-F,hold-out-U010,1000,UPDATE_CONFLICT,0.9230769230769231,0.889
EpSem-F,hold-out-U011,1000,UPDATE_CONFLICT,1.0,0.903
EpSem-F,hold-out-U012,1000,UPDATE_CONFLICT,0.625,0.931
EpSem-F,hold-out-F013,200,FORGETTING,0.875,0.882
EpSem-F,hold-out-F014,200,FORGETTING,1.0,0.908
EpSem-F,hold-out-F015,200,FORGETTING,0.9230769230769231,0.831
EpSem-F,hold-out-F016,200,FORGETTING,0.625,0.89
EpSem-F,hold-out-F017,500,FORGETTING,1.0,0.939
EpSem-F,hold-out-F018,500,FORGETTING,1.0,0.882
EpSem-F,hold-out-F019,500,FORGETTING,0.8,0.889
EpSem-F,hold-out-F020,500,FORGETTING,0.875,0.909
EpSem-F,hold-out-F021,1000,FORGETTING,0.75,0.936
EpSem-F,hold-out-F022,1000,FORGETTING,0.95,0.929
EpSem-F,hold-out-F023,1000,FORGETTING,1.0,0.932
EpSem-F,hold-out-F024,1000,FORGETTING,0.9230769230769231,0.906
EpSem-F,hold-out-N013,200,NOISE_TOLERANCE,1.0,0.875
EpSem-F,hold-out-N014,200,NOISE_TOLERANCE,1.0,0.882
EpSem-F,hold-out-N015,200,NOISE_TOLERANCE,0.875,0.907
EpSem-F,hold-out-N016,200,NOISE_TOLERANCE,0.75,0.929
EpSem-F,hold-out-N017,500,NOISE_TOLERANCE,0.875,0.915
EpSem-F,hold-out-N018,500,NOISE_TOLERANCE,0.875,0.893
EpSem-F,hold-out-N019,500,NOISE_TOLERANCE,1.0,0.92
EpSem-F,hold-out-N020,500,NOISE_TOLERANCE,0.875,0.957
EpSem-F,hold-out-N021,1000,NOISE_TOLERANCE,0.625,0.923
EpSem-F,hold-out-N022,1000,NOISE_TOLERANCE,0.875,0.928
EpSem-F,hold-out-N023,1000,NOISE_TOLERANCE,1.0,0.947
EpSem-F,hold-out-N024,1000,NOISE_TOLERANCE,1.0,0.968
EpSem-F,hold-out-U013,200,UPDATE_CONFLICT,1.0,0.881
EpSem-F,hold-out-U014,200,UPDATE_CONFLICT,1.0,0.858
EpSem-F,hold-out-U015,200,UPDATE_CONFLICT,0.8,0.911
EpSem-F,hold-out-U016,200,UPDATE_CONFLICT,0.6923076923076923,0.856
EpSem-F,hold-out-U017,500,UPDATE_CONFLICT,0.8,0.937
EpSem-F,hold-out-U018,500,UPDATE_CONFLICT,1.0,0.879
EpSem-F,hold-out-U019,500,UPDATE_CONFLICT,1.0,0.921
EpSem-F,hold-out-U020,500,UPDATE_CONFLICT,0.6,0.919
EpSem-F,hold-out-U021,1000,UPDATE_CONFLICT,0.75,0.922
EpSem-F,hold-out-U022,1000,UPDATE_CONFLICT,1.0,0.951
EpSem-F,hold-out-U023,1000,UPDATE_CONFLICT,0.9230769230769231,0.914
EpSem-F,hold-out-U024,1000,UPDATE_CONFLICT,0.875,0.918
EpSem-SS,hold-out-F001,200,FORGETTING,1.0,0.779
EpSem-SS,hold-out-F002,200,FORGETTING,1.0,0.737
EpSem-SS,hold-out-F003,200,FORGETTING,1.0,0.801
EpSem-SS,hold-out-F004,200,FORGETTING,1.0,0.722
EpSem-SS,hold-out-F005,500,FORGETTING,1.0,0.91
EpSem-SS,hold-out-F006,500,FORGETTING,1.0,0.844
EpSem-SS,hold-out-F007,500,FORGETTING,1.0,0.893
EpSem-SS,hold-out-F008,500,FORGETTING,1.0,0.867
EpSem-SS,hold-out-F009,1000,FORGETTING,1.0,0.937
EpSem-SS,hold-out-F010,1000,FORGETTING,1.0,0.944
EpSem-SS,hold-out-F011,1000,FORGETTING,1.0,0.913
EpSem-SS,hold-out-F012,1000,FORGETTING,1.0,0.943
EpSem-SS,hold-out-N001,200,NOISE_TOLERANCE,1.0,0.758
EpSem-SS,hold-out-N002,200,NOISE_TOLERANCE,1.0,0.747
EpSem-SS,hold-out-N003,200,NOISE_TOLERANCE,1.0,0.768
EpSem-SS,hold-out-N004,200,NOISE_TOLERANCE,1.0,0.752
EpSem-SS,hold-out-N005,500,NOISE_TOLERANCE,1.0,0.908
EpSem-SS,hold-out-N006,500,NOISE_TOLERANCE,1.0,0.877
EpSem-SS,hold-out-N007,500,NOISE_TOLERANCE,1.0,0.874
EpSem-SS,hold-out-N008,500,NOISE_TOLERANCE,1.0,0.882
EpSem-SS,hold-out-N009,1000,NOISE_TOLERANCE,1.0,0.944
EpSem-SS,hold-out-N010,1000,NOISE_TOLERANCE,1.0,0.946
EpSem-SS,hold-out-N011,1000,NOISE_TOLERANCE,1.0,0.936
EpSem-SS,hold-out-N012,1000,NOISE_TOLERANCE,1.0,0.933
EpSem-SS,hold-out-U001,200,UPDATE_CONFLICT,1.0,0.756
EpSem-SS,hold-out-U002,200,UPDATE_CONFLICT,1.0,0.753
EpSem-SS,hold-out-U003,200,UPDATE_CONFLICT,1.0,0.714
EpSem-SS,hold-out-U004,200,UPDATE_CONFLICT,1.0,0.717
EpSem-SS,hold-out-U005,500,UPDATE_CONFLICT,1.0,0.909
EpSem-SS,hold-out-U006,500,UPDATE_CONFLICT,0.9230769230769231,0.858
EpSem-SS,hold-out-U007,500,UPDATE_CONFLICT,1.0,0.878
EpSem-SS,hold-out-U008,500,UPDATE_CONFLICT,1.0,0.894
EpSem-SS,hold-out-U009,1000,UPDATE_CONFLICT,1.0,0.934
EpSem-SS,hold-out-U010,1000,UPDATE_CONFLICT,1.0,0.942
EpSem-SS,hold-out-U011,1000,UPDATE_CONFLICT,1.0,0.925
EpSem-SS,hold-out-U012,1000,UPDATE_CONFLICT,0.875,0.939
EpSem-SS,hold-out-F013,200,FORGETTING,1.0,0.731
EpSem-SS,hold-out-F014,200,FORGETTING,1.0,0.779
EpSem-SS,hold-out-F015,200,FORGETTING,1.0,0.692
EpSem-SS,hold-out-F016,200,FORGETTING,1.0,0.744
EpSem-SS,hold-out-F017,500,FORGETTING,1.0,0.924
EpSem-SS,hold-out-F018,500,FORGETTING,1.0,0.87
EpSem-SS,hold-out-F019,500,FORGETTING,1.0,0.865
EpSem-SS,hold-out-F020,500,FORGETTING,1.0,0.892
EpSem-SS,hold-out-F021,1000,FORGETTING,1.0,0.951
EpSem-SS,hold-out-F022,1000,FORGETTING,1.0,0.935
EpSem-SS,hold-out-F023,1000,FORGETTING,1.0,0.934
EpSem-SS,hold-out-F024,1000,FORGETTING,1.0,0.927
EpSem-SS,hold-out-N013,200,NOISE_TOLERANCE,1.0,0.729
EpSem-SS,hold-out-N014,200,NOISE_TOLERANCE,1.0,0.726
EpSem-SS,hold-out-N015,200,NOISE_TOLERANCE,1.0,0.742
EpSem-SS,hold-out-N016,200,NOISE_TOLERANCE,1.0,0.775
EpSem-SS,hold-out-N017,500,NOISE_TOLERANCE,1.0,0.917
EpSem-SS,hold-out-N018,500,NOISE_TOLERANCE,1.0,0.871
EpSem-SS,hold-out-N019,500,NOISE_TOLERANCE,1.0,0.882
EpSem-SS,hold-out-N020,500,NOISE_TOLERANCE,1.0,0.881
EpSem-SS,hold-out-N021,1000,NOISE_TOLERANCE,1.0,0.945
EpSem-SS,hold-out-N022,1000,NOISE_TOLERANCE,1.0,0.951
EpSem-SS,hold-out-N023,1000,NOISE_TOLERANCE,1.0,0.935
EpSem-SS,hold-out-N024,1000,NOISE_TOLERANCE,1.0,0.928
EpSem-SS,hold-out-U013,200,UPDATE_CONFLICT,1.0,0.761
EpSem-SS,hold-out-U014,200,UPDATE_CONFLICT,1.0,0.714
EpSem-SS,hold-out-U015,200,UPDATE_CONFLICT,1.0,0.776
EpSem-SS,hold-out-U016,200,UPDATE_CONFLICT,1.0,0.712
EpSem-SS,hold-out-U017,500,UPDATE_CONFLICT,1.0,0.91
EpSem-SS,hold-out-U018,500,UPDATE_CONFLICT,1.0,0.882
EpSem-SS,hold-out-U019,500,UPDATE_CONFLICT,1.0,0.864
EpSem-SS,hold-out-U020,500,UPDATE_CONFLICT,0.8,0.898
EpSem-SS,hold-out-U021,1000,UPDATE_CONFLICT,0.875,0.934
EpSem-SS,hold-out-U022,1000,UPDATE_CONFLICT,1.0,0.956
EpSem-SS,hold-out-U023,1000,UPDATE_CONFLICT,1.0,0.921
EpSem-SS,hold-out-U024,1000,UPDATE_CONFLICT,0.875,0.943
